लक्षण,रोग
गले में खराश,खाँसी
गले में खराश,डिप्थीरिया
गले में खराश,इंफ्लुएंजा
गले में खराश,खसरा
गले में खराश,स्ट्रेप थ्रोट
छाती में जमाव,खाँसी
बार-बार पेशाब आना,मधुमेह
बार-बार पेशाब आना,ऑटोसोमल डोमिनेंट पॉलीसिस्टिक किडनी रोग
बार-बार पेशाब आना,मधुमेह प्रकार 1 और प्रकार 2
बार-बार पेशाब आना,टाइप 1 मधुमेह
बार-बार पेशाब आना,मधुमेह
बार-बार पेशाब आना,प्रोस्टेट वृद्धि (सौम्य प्रोस्टेटिक हाइपरप्लासिया)
बार-बार पेशाब आना,मूत्र पथ संक्रमण (यूटीआई)
थकान,मधुमेह
थकान,एडिसन रोग
थकान,अधिवृक्क अपर्याप्तता
थकान,Atherosclerosis
थकान,बार्थ सिंड्रोम
थकान,कार्डियोमायोपैथी
थकान,चागास रोग
थकान,क्रोनिक किडनी रोग (सीकेडी)
थकान,क्रॉनिक ऑब्सट्रक्टिव पल्मोनरी डिजीज (सीओपीडी)
थकान,कोरोनरी धमनी रोग
थकान,कुशिंग सिंड्रोम
थकान,अवसाद
थकान,मधुमेह प्रकार 1 और प्रकार 2
थकान,Fibromyalgia
थकान,हंटावायरस पल्मोनरी सिंड्रोम
थकान,हाशिमोटो थायरॉयडिटिस
थकान,हृदय रोग
थकान,हृदय विफलता
थकान,रक्तवर्णकता
थकान,हेपेटाइटिस
थकान,हेपेटाइटिस बी
थकान,हेपेटाइटिस सी
थकान,हाइपरकोलेस्ट्रोलेमिया
थकान,हाइपरपेराथायरायडिज्म
थकान,हाइपोथायरायडिज्म
थकान,सूजन आंत्र रोग (आईबीडी)
थकान,इंफ्लुएंजा
थकान,काला-अजार
थकान,किडनी कैंसर
थकान,ल्यूकेमिया
थकान,लिवर सिरोसिस
थकान,यकृत विकार
थकान,एक प्रकार का वृक्ष
थकान,लाइम रोग
थकान,मैनसोनेलियासिस
थकान,मानसिक तनाव
थकान,माइटोकॉन्ड्रियल मायोपैथी
थकान,नेफ्रोटिक सिंड्रोम
थकान,मोटापा
थकान,ओपिस्थोरकियासिस
थकान,क्लोमगोलाणुरुग्णता
थकान,गुर्दे का उच्च रक्तचाप
थकान,रुमेटीइड गठिया
थकान,सिस्टोसोमियासिस
थकान,सिकल सेल एनीमिया
थकान,स्जोग्रेन सिंड्रोम
थकान,स्लीप एपनिया
थकान,नींद की बीमारी (ट्रिपैनोसोमियासिस)
थकान,थैलेसीमिया
थकान,तपेदिक
थकान,तुलारेमिया
थकान,विल्सन रोग
थकान,थायराइड विकार
थकान,"स्वप्रतिरक्षी रोग (जैसे, ल्यूपस)"
थकान,"कैंसर (स्तन कैंसर, फेफड़े का कैंसर, प्रोस्टेट कैंसर, आदि)"
थकान,क्रोनिक थकान सिंड्रोम
थकान,ग्लोमेरुलोनेफ्राइटिस
थकान,"हेपेटाइटिस (ए, बी, सी)"
थकान,वजन घटाना
थकान,वजन बढ़ना
थकान,रक्ताल्पता
थकान,ऑटोइम्यून हेपेटाइटिस
थकान,जीवाणु संक्रमण
थकान,सिरोसिस
थकान,क्रोहन रोग
थकान,डिस्लिपिडेमिया
थकान,हाइपरलिपिडेमिया
थकान,मल्टीपल मायलोमा
थकान,पॉलीसिथेमिया वेरा
थकान,तनाव
थकान,सिस्टमिक ल्यूपस एरिथेमेटोसस (एसएलई)
थकान,वायरल संक्रमण
थकान,क्रोहन रोग
उच्च रक्तचाप,उच्च रक्तचाप
उच्च रक्तचाप,ऑटोसोमल डोमिनेंट पॉलीसिस्टिक किडनी रोग
उच्च रक्तचाप,कुशिंग सिंड्रोम
उच्च रक्तचाप,डायहाइड्रोपाइरीमिडीन डिहाइड्रोजनेज की कमी
उच्च रक्तचाप,ग्लोमेरुलोनेफ्राइटिस
उच्च रक्तचाप,लिडल सिंड्रोम
उच्च रक्तचाप,मेटाबोलिक सिंड्रोम
उच्च रक्तचाप,पॉलीसिस्टिक किडनी रोग
उच्च रक्तचाप,गुर्दे का उच्च रक्तचाप
तनाव,उच्च रक्तचाप
तनाव,निपाह वायरस संक्रमण
तेज सिरदर्द,माइग्रेन
तेज सिरदर्द,नेग्लेरिया संक्रमण
जी मिचलाना,माइग्रेन
जी मिचलाना,अम्लता
जी मिचलाना,एस्कारियासिस
जी मिचलाना,सिगुएटेरा विषाक्तता
जी मिचलाना,क्रिप्टोस्पोरिडिओसिस
जी मिचलाना,पाचन विकार
जी मिचलाना,ड्रैकुनकुलियासिस
जी मिचलाना,फीताकृमिरोग
जी मिचलाना,फैसिओलिएसिस
जी मिचलाना,पित्त पथरी
जी मिचलाना,गियार्डियासिस
जी मिचलाना,हेपेटाइटिस सी
जी मिचलाना,हुकवर्म संक्रमण
जी मिचलाना,अपच
जी मिचलाना,लिवर सिरोसिस
जी मिचलाना,मलेरिया
जी मिचलाना,मस्तिष्कावरण शोथ
जी मिचलाना,नेग्लेरिया संक्रमण
जी मिचलाना,ओपिस्थोरकियासिस
जी मिचलाना,अग्नाशयशोथ
जी मिचलाना,पेप्टिक अल्सर
जी मिचलाना,प्राथमिक अमीबिक मेनिंगोएन्सेफेलाइटिस
जी मिचलाना,गुर्दे का उच्च रक्तचाप
जी मिचलाना,पीला बुखार
जी मिचलाना,"हेपेटाइटिस (ए, बी, सी)"
जी मिचलाना,हेपेटाइटिस
जी मिचलाना,ऑटोइम्यून हेपेटाइटिस
जी मिचलाना,मस्तिष्क ट्यूमर
जी मिचलाना,पित्ताशय की थैली रोग
जी मिचलाना,गुर्दे की पथरी
जी मिचलाना,मायोकार्डियल इन्फार्क्शन (दिल का दौरा)
जी मिचलाना,पेट का कैंसर
जी मिचलाना,जूनोटिक संक्रमण
जोड़ों का दर्द,गठिया
जोड़ों का दर्द,अल्काप्टोन्यूरिया
जोड़ों का दर्द,बार्थ सिंड्रोम
जोड़ों का दर्द,चिकनगुनिया
जोड़ों का दर्द,डेंगू बुखार
जोड़ों का दर्द,गाउट
जोड़ों का दर्द,रक्तवर्णकता
जोड़ों का दर्द,एक प्रकार का वृक्ष
जोड़ों का दर्द,मैनसोनेलियासिस
जोड़ों का दर्द,पुराने ऑस्टियोआर्थराइटिस
जोड़ों का दर्द,पिंटा
जोड़ों का दर्द,रुमेटीइड गठिया
जोड़ों का दर्द,रिफ्ट वैली बुखार
जोड़ों का दर्द,स्जोग्रेन सिंड्रोम
जोड़ों का दर्द,जीका वायरस
जोड़ों का दर्द,"स्वप्रतिरक्षी रोग (जैसे, ल्यूपस)"
जोड़ों का दर्द,सोरियाटिक गठिया
जोड़ों का दर्द,सिस्टमिक ल्यूपस एरिथेमेटोसस (एसएलई)
सूजन,गठिया
सूजन,तीव्र किडनी की चोट
सूजन,दमा
सूजन,चागास रोग
सूजन,क्रोमोब्लास्टोमाइकोसिस
सूजन,क्रोनिक किडनी रोग (सीकेडी)
सूजन,संपर्क जिल्द की सूजन
सूजन,फैसिओलिएसिस
सूजन,फाइलेरिया
सूजन,ग्लोमेरुलोनेफ्राइटिस
सूजन,गाउट
सूजन,गिनी कृमि रोग
सूजन,हृदय विफलता
सूजन,हाइड्रोनफ्रोसिस
सूजन,सूजन
सूजन,जोड़ों का दर्द
सूजन,लिवर सिरोसिस
सूजन,लोइयासिस
सूजन,लसीका फाइलेरिया
सूजन,कवकगुल्म
सूजन,नेफ्रोटिक सिंड्रोम
सूजन,पुराने ऑस्टियोआर्थराइटिस
सूजन,पिंटा
सूजन,रुमेटीइड गठिया
सूजन,सिकल सेल एनीमिया
सूजन,"त्वचा संक्रमण (बैक्टीरियल, फंगल, वायरल)"
सूजन,स्पार्गनोसिस
सूजन,टेंडिनाइटिस
सूजन,ट्रेकोमा
सूजन,ट्राइचिनेलोसिस
सूजन,टंगियासिस
सूजन,रास्ते से हटना
सूजन,कार्डियोमायोपैथी
सूजन,गण्डमाला
सूजन,सोरियाटिक गठिया
सूजन,त्वचा संक्रमण
सूजन,वृषण कैंसर
सूजन,खमीर संक्रमण
बहती नाक,सामान्य सर्दी
बहती नाक,ठंडा
बहती नाक,खसरा
छींकना,सामान्य सर्दी
छींकना,एलर्जी
छींकना,ठंडा
हल्का बुखार,सामान्य सर्दी
सूजन,अपच
सूजन,सीलिएक रोग
सूजन,कब्ज़
सूजन,पाचन विकार
सूजन,गियार्डियासिस
सूजन,चिड़चिड़ा आंत्र सिंड्रोम (आईबीएस)
सूजन,डिम्बग्रंथि कैंसर
सूजन,पेप्टिक अल्सर
सूजन,पित्त पथरी
सूजन,वजन बढ़ना
सूजन,विपुटीशोथ
सूजन,कृमि संक्रमण
पेट में तकलीफ,अपच
घरघराहट,दमा
घरघराहट,क्रॉनिक ऑब्सट्रक्टिव पल्मोनरी डिजीज (सीओपीडी)
घरघराहट,श्वसन संबंधी समस्याएं
घरघराहट,ब्रोन्किइक्टेसिस
घरघराहट,सीओपीडी (क्रोनिक ऑब्सट्रक्टिव पल्मोनरी डिजीज)
सांस लेने में तकलीफ,दमा
सांस लेने में तकलीफ,कार्डियोमायोपैथी
सांस लेने में तकलीफ,कोरोनरी धमनी रोग
सांस लेने में तकलीफ,वातस्फीति
सांस लेने में तकलीफ,हंटावायरस पल्मोनरी सिंड्रोम
सांस लेने में तकलीफ,दिल का दौरा (मायोकार्डियल इन्फार्क्शन)
सांस लेने में तकलीफ,हृदय रोग
सांस लेने में तकलीफ,हृदय विफलता
सांस लेने में तकलीफ,फेफड़ों का कैंसर
सांस लेने में तकलीफ,क्लोमगोलाणुरुग्णता
सांस लेने में तकलीफ,फुफ्फुसीय उच्च रक्तचाप
सांस लेने में तकलीफ,श्वसन संबंधी समस्याएं
सांस लेने में तकलीफ,Atherosclerosis
सांस लेने में तकलीफ,उच्च रक्तचाप
सांस लेने में तकलीफ,रक्ताल्पता
सांस लेने में तकलीफ,एनजाइना
सांस लेने में तकलीफ,महाधमनी धमनीविस्फार
सांस लेने में तकलीफ,सीओपीडी (क्रोनिक ऑब्सट्रक्टिव पल्मोनरी डिजीज)
सांस लेने में तकलीफ,मायोकार्डियल इन्फार्क्शन (दिल का दौरा)
सांस लेने में तकलीफ,न्यूमोनिया
कठोर मल,कब्ज़
आंत्र की अनियमित गति,कब्ज़
सोने में कठिनाई,अनिद्रा
बेचैनी,अनिद्रा
बेचैनी,चिंता
बेचैनी,चिंता विकार
वजन बढ़ना,मोटापा
वजन बढ़ना,कुशिंग सिंड्रोम
वजन बढ़ना,हाशिमोटो थायरॉयडिटिस
वजन बढ़ना,हाइपोथायरायडिज्म
वजन बढ़ना,पॉलीसिस्टिक ओवरी सिंड्रोम (पीसीओएस)
वजन बढ़ना,वजन बढ़ना
सुस्ती,मोटापा
सुस्ती,कार्बामॉयल फॉस्फेट सिंथेटेस I की कमी से होने वाला रोग
सुस्ती,मेपल सिरप मूत्र रोग
खुजलीदार दाने,त्वचा एलर्जी
खुजलीदार दाने,चिकनपॉक्स
लालपन,त्वचा एलर्जी
लालपन,चिकनपॉक्स
लालपन,संपर्क जिल्द की सूजन
लालपन,गाउट
लालपन,सूजन
लालपन,Rosacea
लालपन,त्वचा रोग
लालपन,"त्वचा संक्रमण (बैक्टीरियल, फंगल, वायरल)"
लालपन,क्रोनिक थकान सिंड्रोम
लालपन,त्वचा संक्रमण
लालपन,खमीर संक्रमण
अत्यधिक चिंता,चिंता
अत्यधिक चिंता,चिंता विकार
उच्च तापमान,बुखार
शरीर में दर्द,बुखार
शरीर में दर्द,इंफ्लुएंजा
शरीर में दर्द,वेस्ट नाइल वायरस
शरीर में दर्द,जूनोटिक मलेरिया
शरीर में दर्द,वायरल संक्रमण
पेट में जलन,अम्लता
पेट में जलन,गैस्ट्रोएसोफेगल रिफ्लक्स रोग (जीईआरडी)
खट्टा स्वाद,अम्लता
मुंहासे,मुंहासा
मुंहासे,Rosacea
ब्लैकहेड्स,मुंहासा
तैलीय त्वचा,मुंहासा
बढ़े हुए हाथ,एक्रोमेगाली
पैर,एक्रोमेगाली
पैर,"हाथ, पैर और मुंह की बीमारी"
पैर,सिकल सेल एनीमिया
पैर,कार्डियोमायोपैथी
मोटी त्वचा,एक्रोमेगाली
मोटी त्वचा,एकेंथोसिस निग्रिकेंस
मूत्र उत्पादन में कमी,तीव्र किडनी की चोट
भ्रम,तीव्र किडनी की चोट
भ्रम,अल्ज़ाइमर रोग
भ्रम,मनोभ्रंश
भ्रम,मिरगी
भ्रम,हाइपोग्लाइसीमिया
भ्रम,निपाह वायरस संक्रमण
भ्रम,आघात
निम्न रक्तचाप,एडिसन रोग
निम्न रक्तचाप,अधिवृक्क अपर्याप्तता
वजन घटाना,एडिसन रोग
वजन घटाना,सीलिएक रोग
वजन घटाना,क्रोहन रोग
वजन घटाना,ग्रेव्स रोग
वजन घटाना,एचआईवी/एड्स
वजन घटाना,हाइपरथायरायडिज्म
वजन घटाना,सूजन आंत्र रोग (आईबीडी)
वजन घटाना,काला-अजार
वजन घटाना,लीशमैनियासिस
वजन घटाना,ल्यूकेमिया
वजन घटाना,लिवर कैंसर
वजन घटाना,लिंफोमा
वजन घटाना,अग्नाशय कैंसर
वजन घटाना,पैराकोक्सीडियोइडोमाइकोसिस
वजन घटाना,टाइप 1 मधुमेह
वजन घटाना,"कैंसर (स्तन कैंसर, फेफड़े का कैंसर, प्रोस्टेट कैंसर, आदि)"
वजन घटाना,किडनी कैंसर
वजन घटाना,तपेदिक
वजन घटाना,वजन घटाना
वजन घटाना,कोलोरेक्टल कैंसर
वजन घटाना,ग्रेव्स रोग
वजन घटाना,पेट का कैंसर
वजन घटाना,थायराइड कैंसर
वजन घटाना,व्हिपल रोग
वजन घटाना,कृमि संक्रमण
वजन घटाना,हॉजकिन लिंफोमा
मांसपेशियों में कमजोरी,अधिवृक्क अपर्याप्तता
मांसपेशियों में कमजोरी,एमियोट्रोफिक लेटरल स्क्लेरोसिस (एएलएस)
मांसपेशियों में कमजोरी,Argininemia
मांसपेशियों में कमजोरी,बार्थ सिंड्रोम
मांसपेशियों में कमजोरी,Atherosclerosis
मांसपेशियों में कमजोरी,कैनावन रोग
मांसपेशियों में कमजोरी,ड्यूशेन मस्कुलर डिस्ट्रॉफी
मांसपेशियों में कमजोरी,किर्न्स-सेयर सिंड्रोम
मांसपेशियों में कमजोरी,क्रैबे रोग
मांसपेशियों में कमजोरी,कुष्ठ रोग
मांसपेशियों में कमजोरी,ल्यूकोडिस्ट्रोफी
मांसपेशियों में कमजोरी,लिपिड भंडारण रोग
मांसपेशियों में कमजोरी,माइटोकॉन्ड्रियल मायोपैथी
मांसपेशियों में कमजोरी,मल्टीपल स्क्लेरोसिस
मांसपेशियों में कमजोरी,मांसपेशीय दुर्विकास
मांसपेशियों में कमजोरी,मायस्थेनिया ग्रेविस
मांसपेशियों में कमजोरी,न्यूरोटॉक्सोकेरियासिस
मांसपेशियों में कमजोरी,पोलियो
मांसपेशियों में कमजोरी,सेरेब्रल पाल्सी
मांसपेशियों में कमजोरी,स्पोंडिलोसिस
कम ऊर्जा,अधिवृक्क अपर्याप्तता
गहरे रंग का मूत्र,अल्काप्टोन्यूरिया
गहरे रंग का मूत्र,हेपेटाइटिस बी
गहरे रंग का मूत्र,हेपेटाइटिस सी
गहरे रंग का मूत्र,ग्लोमेरुलोनेफ्राइटिस
कठोरता,अल्काप्टोन्यूरिया
कठोरता,गठिया
कठोरता,पीठ दर्द
कठोरता,जोड़ों का दर्द
कठोरता,म्यूकोपॉलीसेकेराइडोसिस
कठोरता,मायोटोनिया कोन्जेनिटा
कठोरता,पुराने ऑस्टियोआर्थराइटिस
कठोरता,रुमेटीइड गठिया
कठोरता,टेंडिनाइटिस
कठोरता,धनुस्तंभ
कठोरता,पार्किंसंस रोग
कठोरता,सोरियाटिक गठिया
कठोरता,स्पोंडिलोसिस
खुजली,एलर्जी
खुजली,संपर्क जिल्द की सूजन
खुजली,लोइयासिस
खुजली,मेलेनोमा
खुजली,सोरायसिस
खुजली,त्वचा कैंसर (मेलेनोमा)
खुजली,त्वचा रोग
खुजली,"त्वचा संक्रमण (बैक्टीरियल, फंगल, वायरल)"
खुजली,टंगियासिस
खुजली,हर्पीस सिम्प्लेक्स वायरस (एचएसवी)
खुजली,खमीर संक्रमण
चकत्ते,एलर्जी
चकत्ते,चिकनपॉक्स
चकत्ते,एक्जिमा (एटोपिक डर्माटाइटिस)
चकत्ते,लैंगरहैंस सेल हिस्टियोसाइटोसिस
चकत्ते,एक प्रकार का वृक्ष
चकत्ते,स्ट्रॉन्गिलॉयडियासिस
चकत्ते,"स्वप्रतिरक्षी रोग (जैसे, ल्यूपस)"
चकत्ते,सोरियाटिक गठिया
चकत्ते,सिस्टमिक ल्यूपस एरिथेमेटोसस (एसएलई)
बालों का झड़ना,खालित्य
बालों का झड़ना,थायराइड विकार
खोपड़ी का पतला होना,खालित्य
स्मृति हानि,अल्ज़ाइमर रोग
स्मृति हानि,मनोभ्रंश
सोचने में कठिनाई,अल्ज़ाइमर रोग
पेट दर्द,अमीबारुग्णता
पेट दर्द,एस्कारियासिस
पेट दर्द,क्लोनोरकियासिस
पेट दर्द,कोलोरेक्टल कैंसर
पेट दर्द,क्रोहन रोग
पेट दर्द,क्रिप्टोस्पोरिडिओसिस
पेट दर्द,डेंगू रक्तस्रावी बुखार
पेट दर्द,फीताकृमिरोग
पेट दर्द,फैसिओलिएसिस
पेट दर्द,पित्त पथरी
पेट दर्द,हेपेटाइटिस ए
पेट दर्द,हेपेटाइटिस बी
पेट दर्द,हुकवर्म संक्रमण
पेट दर्द,हाइड्रोनफ्रोसिस
पेट दर्द,सूजन आंत्र रोग (आईबीडी)
पेट दर्द,लिवर कैंसर
पेट दर्द,मैनसोनेलियासिस
पेट दर्द,मारबर्ग वायरस रोग
पेट दर्द,न्यूरोटॉक्सोकेरियासिस
पेट दर्द,ओपिस्थोरकियासिस
पेट दर्द,अग्नाशय कैंसर
पेट दर्द,अग्नाशयशोथ
पेट दर्द,पॉलीसिस्टिक किडनी रोग
पेट दर्द,आनुवांशिक असामान्यता
पेट दर्द,सिस्टोसोमियासिस
पेट दर्द,स्ट्रॉन्गिलॉयडियासिस
पेट दर्द,टोक्सोकेरिएसिस
पेट दर्द,त्रिचूरियासिस
पेट दर्द,अल्सरेटिव कोलाइटिस
पेट दर्द,"हेपेटाइटिस (ए, बी, सी)"
पेट दर्द,ऑटोइम्यून हेपेटाइटिस
पेट दर्द,सिरोसिस
पेट दर्द,विपुटीशोथ
पेट दर्द,पित्ताशय की थैली रोग
पेट दर्द,हेपेटाइटिस
पेट दर्द,चिड़चिड़ा आंत्र सिंड्रोम (आईबीएस)
पेट दर्द,पेप्टिक अल्सर
पेट दर्द,पेट का कैंसर
पेट दर्द,मूत्र पथ संक्रमण (यूटीआई)
पेट दर्द,व्हिपल रोग
पेट दर्द,कृमि संक्रमण
पेट दर्द,क्रोहन रोग
दस्त,अमीबारुग्णता
दस्त,सीलिएक रोग
दस्त,सिगुएटेरा विषाक्तता
दस्त,क्लोनोरकियासिस
दस्त,क्रोहन रोग
दस्त,क्रिप्टोस्पोरिडिओसिस
दस्त,डायहाइड्रोपाइरीमिडीन डिहाइड्रोजनेज की कमी
दस्त,इबोला
दस्त,गियार्डियासिस
दस्त,एचआईवी/एड्स
दस्त,हुकवर्म संक्रमण
दस्त,सूजन आंत्र रोग (आईबीडी)
दस्त,चिड़चिड़ा आंत्र सिंड्रोम (आईबीएस)
दस्त,सिस्टोसोमियासिस
दस्त,स्ट्रॉन्गिलॉयडियासिस
दस्त,त्रिचूरियासिस
दस्त,अल्सरेटिव कोलाइटिस
दस्त,आंत्रशोथ
दस्त,व्हिपल रोग
दस्त,कृमि संक्रमण
दस्त,क्रोहन रोग
बुखार,सामान्य सर्दी
बुखार,अमीबारुग्णता
बुखार,एस्परैगिन सिंथेटेस की कमी
बुखार,बार्थ सिंड्रोम
बुखार,बुबोनिक प्लेग
बुखार,बुरुली अल्सर
बुखार,कोविड-19
बुखार,चागास रोग
बुखार,चिकनपॉक्स
बुखार,चिकनगुनिया
बुखार,क्रीमियन-कांगो रक्तस्रावी बुखार
बुखार,डेंगू बुखार
बुखार,डेंगू रक्तस्रावी बुखार
बुखार,डिप्थीरिया
बुखार,ड्रैकुनकुलियासिस
बुखार,इबोला
बुखार,इबोला वायरस
बुखार,फैसिओलिएसिस
बुखार,फाइलेरिया
बुखार,गिनी कृमि रोग
बुखार,एचआईवी/एड्स
बुखार,"हाथ, पैर और मुंह की बीमारी"
बुखार,हंटावायरस पल्मोनरी सिंड्रोम
बुखार,हेंड्रा वायरस संक्रमण
बुखार,हेपेटाइटिस ए
बुखार,हिस्टोप्लाज़मोसिस
बुखार,इंफ्लुएंजा
बुखार,काला-अजार
बुखार,कावासाकी रोग
बुखार,क्यासानूर वन रोग
बुखार,लासा बुखार
बुखार,लीशमैनियासिस
बुखार,लेप्टोस्पायरोसिस
बुखार,लोइयासिस
बुखार,लाइम रोग
बुखार,लसीका फाइलेरिया
बुखार,लिंफोमा
बुखार,मलेरिया
बुखार,मैनसोनेलियासिस
बुखार,मारबर्ग
बुखार,मारबर्ग वायरस रोग
बुखार,खसरा
बुखार,मेलिओइडोसिस
बुखार,मस्तिष्कावरण शोथ
बुखार,मंकीपॉक्स
बुखार,नेग्लेरिया संक्रमण
बुखार,न्यूरोटॉक्सोकेरियासिस
बुखार,निपाह वायरस संक्रमण
बुखार,पैराकोक्सीडियोइडोमाइकोसिस
बुखार,पैरागोनिमियासिस
बुखार,न्यूमोसिस्टिस निमोनिया
बुखार,न्यूमोनिया
बुखार,न्यूमोनिक प्लेग
बुखार,पोलियो
बुखार,प्राथमिक अमीबिक मेनिंगोएन्सेफेलाइटिस
बुखार,क्यू बुखार
बुखार,रेबीज़
बुखार,पुनरावर्ती बुखार
बुखार,रिकेट्सियल रोग
बुखार,रिफ्ट वैली बुखार
बुखार,रॉकी माउंटेन स्पॉटेड बुखार
बुखार,सेप्टिकमिक प्लेग
बुखार,नींद की बीमारी (ट्रिपैनोसोमियासिस)
बुखार,टैलारोमाइकोसिस
बुखार,टोक्सोकेरिएसिस
बुखार,ट्राइचिनेलोसिस
बुखार,तुलारेमिया
बुखार,टाइफ़स
बुखार,वेस्ट नाइल वायरस
बुखार,रास्ते से हटना
बुखार,पीला बुखार
बुखार,जीका वायरस
बुखार,जूनोटिक मलेरिया
बुखार,ल्यूकेमिया
बुखार,तपेदिक
बुखार,जीवाणु संक्रमण
बुखार,हॉजकिन लिंफोमा
बुखार,लिम्फैडेनोपैथी
बुखार,अग्नाशयशोथ
बुखार,स्ट्रेप थ्रोट
बुखार,वायरल संक्रमण
बुखार,जूनोटिक संक्रमण
बुखार,हॉजकिन लिंफोमा
निगलने में कठिनाई,एमियोट्रोफिक लेटरल स्क्लेरोसिस (एएलएस)
निगलने में कठिनाई,Atherosclerosis
निगलने में कठिनाई,कैनावन रोग
निगलने में कठिनाई,मायस्थेनिया ग्रेविस
निगलने में कठिनाई,नीमन-पिक रोग
निगलने में कठिनाई,धनुस्तंभ
निगलने में कठिनाई,गण्डमाला
निगलने में कठिनाई,थायराइड कैंसर
भाषण संबंधी समस्याएं,एमियोट्रोफिक लेटरल स्क्लेरोसिस (एएलएस)
भाषण संबंधी समस्याएं,फटे होंठ और तालु
घबराहट,चिंता
घबराहट,ग्रेव्स रोग
तेजी से सांस लेना,चिंता
बौद्धिक विकलांगता,Argininemia
बौद्धिक विकलांगता,आर्जिनिनोसुक्सीनिक एसिड्यूरिया
बौद्धिक विकलांगता,एस्पार्टिलग्लूकोसामिनुरिया
बौद्धिक विकलांगता,डाउन सिंड्रोम
बौद्धिक विकलांगता,फ्रैजाइल एक्स सिंड्रोम
बौद्धिक विकलांगता,फेनिलकेटोनुरिया (पीकेयू)
खराब विकास,आर्जिनिनोसुक्सीनिक एसिड्यूरिया
खराब विकास,सिस्टिक फाइब्रोसिस
खराब विकास,मेन्केस रोग
अनियमित दिल की धड़कन,अतालता
अनियमित दिल की धड़कन,ब्रुगाडा सिंड्रोम
धड़कन,अतालता
धड़कन,आमवाती हृदय रोग
चक्कर आना,अतालता
चक्कर आना,दिल का दौरा (मायोकार्डियल इन्फार्क्शन)
चक्कर आना,उच्च रक्तचाप
चक्कर आना,हाइपोग्लाइसीमिया
चक्कर आना,निपाह वायरस संक्रमण
चक्कर आना,फुफ्फुसीय उच्च रक्तचाप
चक्कर आना,Atherosclerosis
चक्कर आना,अधिवृक्क अपर्याप्तता
चक्कर आना,एनजाइना
चक्कर आना,महाधमनी धमनीविस्फार
चक्कर आना,पॉलीसिथेमिया वेरा
आंतों की असुविधा,एस्कारियासिस
विकासात्मक देरी,एस्परैगिन सिंथेटेस की कमी
विकासात्मक देरी,कॉफ़िन-लोरी सिंड्रोम
विकासात्मक देरी,डाउन सिंड्रोम
विकासात्मक देरी,डिगवे-मेल्चियोर-क्लॉसन सिंड्रोम
विकासात्मक देरी,फ्रैजाइल एक्स सिंड्रोम
विकासात्मक देरी,फ़िफ़र सिंड्रोम
मिरगी,एस्परैगिन सिंथेटेस की कमी
विकास में देरी,एस्पार्टिलग्लूकोसामिनुरिया
विकास में देरी,अतालता
विकास में देरी,कोस्टेलो सिंड्रोम
सीने में जकड़न,दमा
सीने में दर्द,Atherosclerosis
सीने में दर्द,एस्परैगिन सिंथेटेस की कमी
सीने में दर्द,पीठ दर्द
सीने में दर्द,ब्रुगाडा सिंड्रोम
सीने में दर्द,कार्डियोमायोपैथी
सीने में दर्द,कोरोनरी धमनी रोग
सीने में दर्द,गैस्ट्रोएसोफेगल रिफ्लक्स रोग (जीईआरडी)
सीने में दर्द,दिल का दौरा (मायोकार्डियल इन्फार्क्शन)
सीने में दर्द,हृदय रोग
सीने में दर्द,हिस्टोप्लाज़मोसिस
सीने में दर्द,हाइपरकोलेस्ट्रोलेमिया
सीने में दर्द,फेफड़ों का कैंसर
सीने में दर्द,मेलिओइडोसिस
सीने में दर्द,पैरागोनिमियासिस
सीने में दर्द,न्यूमोनिया
सीने में दर्द,फुफ्फुसीय उच्च रक्तचाप
सीने में दर्द,आमवाती हृदय रोग
सीने में दर्द,टैलारोमाइकोसिस
सीने में दर्द,तपेदिक
सीने में दर्द,न्यूमोसिस्टिस निमोनिया
सीने में दर्द,एनजाइना
सीने में दर्द,महाधमनी धमनीविस्फार
सीने में दर्द,डिस्लिपिडेमिया
सीने में दर्द,हाइपरलिपिडेमिया
सीने में दर्द,मायोकार्डियल इन्फार्क्शन (दिल का दौरा)
उच्च कोलेस्ट्रॉल,Atherosclerosis
उच्च कोलेस्ट्रॉल,हाइपरकोलेस्ट्रोलेमिया
गुर्दे में दर्द,ऑटोसोमल डोमिनेंट पॉलीसिस्टिक किडनी रोग
मांसपेशियों में अकड़न,पीठ दर्द
मांसपेशियों में अकड़न,मायोटोनिया कोन्जेनिटा
मांसपेशियों में अकड़न,धनुस्तंभ
चलने में कठिनाई,पीठ दर्द
चलने में कठिनाई,दमा
विलंबित विकास,बार्थ सिंड्रोम
बढ़े हुए अंग,अतालता
बढ़े हुए अंग,म्यूकोलिपिडोसिस
कम रक्त शर्करा,अतालता
विकास में देरी,अतालता
दृष्टि हानि,गठिया
दृष्टि हानि,मधुमेह रेटिनोपैथी
ध्यान केंद्रित करने में कठिनाई,गठिया
बरामदगी,एस्कारियासिस
बरामदगी,कैनावन रोग
बरामदगी,सिस्टीसर्कोसिस
बरामदगी,मिरगी
बरामदगी,मेन्केस रोग
बरामदगी,मिलर-डाइकर सिंड्रोम
बरामदगी,मोवाट-विल्सन सिंड्रोम
बरामदगी,एकाधिक सल्फेटेज़ की कमी
बरामदगी,रेट सिंड्रोम
बरामदगी,टे-सैक्स रोग
बरामदगी,मस्तिष्क ट्यूमर
त्वचा पर लाल चकत्ते,एस्कारियासिस
त्वचा पर लाल चकत्ते,एस्पार्टिलग्लूकोसामिनुरिया
त्वचा पर लाल चकत्ते,डेंगू बुखार
त्वचा पर लाल चकत्ते,कावासाकी रोग
त्वचा पर लाल चकत्ते,लैंगरहैंस सेल हिस्टियोसाइटोसिस
त्वचा पर लाल चकत्ते,एक प्रकार का वृक्ष
त्वचा पर लाल चकत्ते,खसरा
त्वचा पर लाल चकत्ते,स्ट्रॉन्गिलॉयडियासिस
त्वचा पर लाल चकत्ते,"स्वप्रतिरक्षी रोग (जैसे, ल्यूपस)"
त्वचा पर लाल चकत्ते,सोरियाटिक गठिया
त्वचा पर लाल चकत्ते,सिस्टमिक ल्यूपस एरिथेमेटोसस (एसएलई)
त्वचा पर लाल चकत्ते,जूनोटिक संक्रमण
श्रवण हानि,एस्कारियासिस
श्रवण हानि,माइटोकॉन्ड्रियल मायोपैथी
श्रवण हानि,कान का संक्रमण
श्रवण हानि,मेनियर रोग
श्रवण हानि,टिनिटस
खाँसी,एस्परैगिन सिंथेटेस की कमी
खाँसी,पीठ दर्द
खाँसी,कोविड-19
खाँसी,खाँसी
खाँसी,सिस्टिक फाइब्रोसिस
खाँसी,वातस्फीति
खाँसी,हिस्टोप्लाज़मोसिस
खाँसी,लासा बुखार
खाँसी,फेफड़ों का कैंसर
खाँसी,खसरा
खाँसी,मेलिओइडोसिस
खाँसी,न्यूरोटॉक्सोकेरियासिस
खाँसी,पैराकोक्सीडियोइडोमाइकोसिस
खाँसी,पैरागोनिमियासिस
खाँसी,क्लोमगोलाणुरुग्णता
खाँसी,न्यूमोसिस्टिस निमोनिया
खाँसी,न्यूमोनिया
खाँसी,न्यूमोनिक प्लेग
खाँसी,प्राथमिक सिलिअरी डिस्केनेसिया
खाँसी,श्वसन संबंधी समस्याएं
खाँसी,स्ट्रॉन्गिलॉयडियासिस
खाँसी,टोक्सोकेरिएसिस
खाँसी,तपेदिक
खाँसी,तुलारेमिया
खाँसी,दमा
खाँसी,ब्रोन्किइक्टेसिस
खाँसी,सीओपीडी (क्रोनिक ऑब्सट्रक्टिव पल्मोनरी डिजीज)
खाँसी,वायरल संक्रमण
छोटा कद,एस्पार्टिलग्लूकोसामिनुरिया
सूर्य के प्रकाश के प्रति संवेदनशीलता,एस्पार्टिलग्लूकोसामिनुरिया
दर्द,गठिया
दर्द,अल्काप्टोन्यूरिया
दर्द,अमीबारुग्णता
दर्द,एस्कारियासिस
दर्द,Atherosclerosis
दर्द,ऑटोसोमल डोमिनेंट पॉलीसिस्टिक किडनी रोग
दर्द,एस्परैगिन सिंथेटेस की कमी
दर्द,दमा
दर्द,पीठ दर्द
दर्द,बार्थ सिंड्रोम
दर्द,ब्रुगाडा सिंड्रोम
दर्द,बुरुली अल्सर
दर्द,कार्डियोमायोपैथी
दर्द,चिकनगुनिया
दर्द,सिगुएटेरा विषाक्तता
दर्द,क्लोनोरकियासिस
दर्द,कोलोरेक्टल कैंसर
दर्द,कोरोनरी धमनी रोग
दर्द,क्रीमियन-कांगो रक्तस्रावी बुखार
दर्द,क्रोहन रोग
दर्द,क्रिप्टोस्पोरिडिओसिस
दर्द,सिस्टीसर्कोसिस
दर्द,डेंगू बुखार
दर्द,डेंगू रक्तस्रावी बुखार
दर्द,ड्रैकुनकुलियासिस
दर्द,फीताकृमिरोग
दर्द,Endometriosis
दर्द,फैसिओलिएसिस
दर्द,Fibromyalgia
दर्द,पित्त पथरी
दर्द,गैस्ट्रोएसोफेगल रिफ्लक्स रोग (जीईआरडी)
दर्द,गाउट
दर्द,गिनी कृमि रोग
दर्द,दिल का दौरा (मायोकार्डियल इन्फार्क्शन)
दर्द,हृदय रोग
दर्द,रक्तवर्णकता
दर्द,हेपेटाइटिस ए
दर्द,हेपेटाइटिस बी
दर्द,हिस्टोप्लाज़मोसिस
दर्द,हुकवर्म संक्रमण
दर्द,हाइड्रोनफ्रोसिस
दर्द,हाइपरकोलेस्ट्रोलेमिया
दर्द,सूजन
दर्द,सूजन आंत्र रोग (आईबीडी)
दर्द,जोड़ों का दर्द
दर्द,किडनी कैंसर
दर्द,गुर्दे की पथरी
दर्द,लैंगरहैंस सेल हिस्टियोसाइटोसिस
दर्द,लासा बुखार
दर्द,लेप्टोस्पायरोसिस
दर्द,लिवर कैंसर
दर्द,लोइयासिस
दर्द,फेफड़ों का कैंसर
दर्द,एक प्रकार का वृक्ष
दर्द,मैनसोनेलियासिस
दर्द,मारबर्ग
दर्द,मारबर्ग वायरस रोग
दर्द,मेलिओइडोसिस
दर्द,कवकगुल्म
दर्द,न्यूरोटॉक्सोकेरियासिस
दर्द,ओपिस्थोरकियासिस
दर्द,पुराने ऑस्टियोआर्थराइटिस
दर्द,ऑस्टियोपेट्रोसिस
दर्द,डिम्बग्रंथि कैंसर
दर्द,अग्नाशय कैंसर
दर्द,अग्नाशयशोथ
दर्द,पैरागोनिमियासिस
दर्द,पेप्टिक अल्सर
दर्द,परिधीय धमनी रोग
दर्द,पिंटा
दर्द,न्यूमोनिया
दर्द,पॉलीसिस्टिक किडनी रोग
दर्द,आनुवांशिक असामान्यता
दर्द,प्रोस्टेट कैंसर
दर्द,फुफ्फुसीय उच्च रक्तचाप
दर्द,क्यू बुखार
दर्द,आमवाती हृदय रोग
दर्द,रुमेटीइड गठिया
दर्द,रिफ्ट वैली बुखार
दर्द,रॉकी माउंटेन स्पॉटेड बुखार
दर्द,सिस्टोसोमियासिस
दर्द,पार्श्वकुब्जता
दर्द,सिकल सेल एनीमिया
दर्द,स्जोग्रेन सिंड्रोम
दर्द,स्पार्गनोसिस
दर्द,स्ट्रॉन्गिलॉयडियासिस
दर्द,टैलारोमाइकोसिस
दर्द,टेंडिनाइटिस
दर्द,टोक्सोकेरिएसिस
दर्द,टोक्सोप्लाज़मोसिज़
दर्द,ट्राइचिनेलोसिस
दर्द,त्रिचूरियासिस
दर्द,तपेदिक
दर्द,अल्सरेटिव कोलाइटिस
दर्द,मूत्र पथ संक्रमण (यूटीआई)
दर्द,रास्ते से हटना
दर्द,जीका वायरस
दर्द,"स्वप्रतिरक्षी रोग (जैसे, ल्यूपस)"
दर्द,"कैंसर (स्तन कैंसर, फेफड़े का कैंसर, प्रोस्टेट कैंसर, आदि)"
दर्द,क्रोनिक थकान सिंड्रोम
दर्द,"हेपेटाइटिस (ए, बी, सी)"
दर्द,मलेरिया
दर्द,न्यूमोसिस्टिस निमोनिया
दर्द,एनजाइना
दर्द,महाधमनी धमनीविस्फार
दर्द,ऑटोइम्यून हेपेटाइटिस
दर्द,मूत्राशय कैंसर
दर्द,क्रोनिक साइनसाइटिस
दर्द,सिरोसिस
दर्द,सिस्टिटिस
दर्द,मधुमेह न्यूरोपैथी
दर्द,विपुटीशोथ
दर्द,डिस्लिपिडेमिया
दर्द,कान का संक्रमण
दर्द,पित्ताशय की थैली रोग
दर्द,ग्लूकोमा
दर्द,हेपेटाइटिस
दर्द,हर्पीस सिम्प्लेक्स वायरस (एचएसवी)
दर्द,हाइड्रैडेनाइटिस सपुराटिवा
दर्द,हाइपरलिपिडेमिया
दर्द,चिड़चिड़ा आंत्र सिंड्रोम (आईबीएस)
दर्द,मासिक धर्म संबंधी विकार
दर्द,मल्टीपल मायलोमा
दर्द,मायोकार्डियल इन्फार्क्शन (दिल का दौरा)
दर्द,ऑस्टियोपोरोसिस
दर्द,सोरियाटिक गठिया
दर्द,साइटिका
दर्द,साइनसाइटिस
दर्द,त्वचा संक्रमण
दर्द,रीढ़ की हड्डी में चोट
दर्द,स्पोंडिलोसिस
दर्द,पेट का कैंसर
दर्द,सिस्टमिक ल्यूपस एरिथेमेटोसस (एसएलई)
दर्द,वृषण कैंसर
दर्द,मूत्र पथ संक्रमण (यूटीआई)
दर्द,वैरिकाज़ नसें
दर्द,व्हिपल रोग
दर्द,कृमि संक्रमण
दर्द,क्रोहन रोग
साँस लेने,चिंता
साँस लेने,Atherosclerosis
साँस लेने,कोविड-19
साँस लेने,डिप्थीरिया
साँस लेने,गुइलेन-बैरे सिंड्रोम
साँस लेने,हिस्टोप्लाज़मोसिस
साँस लेने,मांसपेशीय दुर्विकास
साँस लेने,पिट-हॉपकिंस सिंड्रोम
साँस लेने,न्यूमोसिस्टिस निमोनिया
साँस लेने,न्यूमोनिया
साँस लेने,आमवाती हृदय रोग
साँस लेने,टैलारोमाइकोसिस
साँस लेने,सिस्टिक फाइब्रोसिस
साँस लेने,दमा
साँस लेने,स्लीप एपनिया
स्तन में गांठ,ऑटोसोमल डोमिनेंट पॉलीसिस्टिक किडनी रोग
त्वचा में परिवर्तन,ऑटोसोमल डोमिनेंट पॉलीसिस्टिक किडनी रोग
त्वचा में परिवर्तन,लोयस-डाइट्ज़ सिंड्रोम
त्वचा में परिवर्तन,त्वचा कैंसर (मेलेनोमा)
निप्पल डिस्चार्ज,ऑटोसोमल डोमिनेंट पॉलीसिस्टिक किडनी रोग
लगातार खांसी,पीठ दर्द
लगातार खांसी,सिस्टिक फाइब्रोसिस
लगातार खांसी,तपेदिक
बलगम उत्पादन,पीठ दर्द
बेहोशी,ब्रुगाडा सिंड्रोम
ठंड लगना,बुबोनिक प्लेग
ठंड लगना,इबोला वायरस
ठंड लगना,बुखार
ठंड लगना,मलेरिया
ठंड लगना,न्यूमोनिक प्लेग
ठंड लगना,क्यू बुखार
ठंड लगना,सेप्टिकमिक प्लेग
ठंड लगना,पीला बुखार
ठंड लगना,जूनोटिक मलेरिया
ठंड लगना,जीवाणु संक्रमण
ठंड लगना,जूनोटिक संक्रमण
सूजे हुए लिम्फ नोड्स,बुबोनिक प्लेग
सूजे हुए लिम्फ नोड्स,एचआईवी/एड्स
सूजे हुए लिम्फ नोड्स,कावासाकी रोग
सूजे हुए लिम्फ नोड्स,लैंगरहैंस सेल हिस्टियोसाइटोसिस
सूजे हुए लिम्फ नोड्स,लिंफोमा
सूजे हुए लिम्फ नोड्स,मंकीपॉक्स
सूजे हुए लिम्फ नोड्स,ओन्कोसेरसियासिस (नदी अंधापन)
सूजे हुए लिम्फ नोड्स,न्यूमोनिक प्लेग
सूजे हुए लिम्फ नोड्स,सेप्टिकमिक प्लेग
सूजे हुए लिम्फ नोड्स,नींद की बीमारी (ट्रिपैनोसोमियासिस)
सूजे हुए लिम्फ नोड्स,तुलारेमिया
सूजे हुए लिम्फ नोड्स,हॉजकिन लिंफोमा
सूजे हुए लिम्फ नोड्स,लिम्फैडेनोपैथी
सूजे हुए लिम्फ नोड्स,स्ट्रेप थ्रोट
सूजे हुए लिम्फ नोड्स,हॉजकिन लिंफोमा
त्वचा के अल्सर,बुरुली अल्सर
त्वचा के अल्सर,लीशमैनियासिस
त्वचा के अल्सर,कवकगुल्म
त्वचा के अल्सर,रास्ते से हटना
सांस लेने में कठिनाई,कोविड-19
सांस लेने में कठिनाई,डिप्थीरिया
सांस लेने में कठिनाई,गुइलेन-बैरे सिंड्रोम
सांस लेने में कठिनाई,हिस्टोप्लाज़मोसिस
सांस लेने में कठिनाई,न्यूमोसिस्टिस निमोनिया
सांस लेने में कठिनाई,न्यूमोनिया
सांस लेने में कठिनाई,आमवाती हृदय रोग
सांस लेने में कठिनाई,टैलारोमाइकोसिस
सांस लेने में कठिनाई,सिस्टिक फाइब्रोसिस
सांस लेने में कठिनाई,दमा
खराब भोजन,कार्बामॉयल फॉस्फेट सिंथेटेस I की कमी से होने वाला रोग
खराब भोजन,मेपल सिरप मूत्र रोग
उल्टी करना,कार्बामॉयल फॉस्फेट सिंथेटेस I की कमी से होने वाला रोग
उल्टी करना,इबोला
उल्टी करना,अग्नाशयशोथ
उल्टी करना,प्राथमिक अमीबिक मेनिंगोएन्सेफेलाइटिस
उल्टी करना,पित्त पथरी
उल्टी करना,पित्ताशय की थैली रोग
उल्टी करना,आंत्रशोथ
सुन्न होना,कार्पल टनल सिंड्रोम
सुन्न होना,गुइलेन-बैरे सिंड्रोम
सुन्न होना,परिधीय धमनी रोग
सुन्न होना,आघात
सुन्न होना,कुष्ठ रोग
सुन्न होना,मधुमेह न्यूरोपैथी
सुन्न होना,रेनॉड रोग
सुन्न होना,रीढ़ की हड्डी में चोट
झुनझुनी,कार्पल टनल सिंड्रोम
झुनझुनी,गुइलेन-बैरे सिंड्रोम
झुनझुनी,मधुमेह न्यूरोपैथी
हाथ की कमजोरी,कार्पल टनल सिंड्रोम
तंत्रिका संबंधी मुद्दे,सेरेब्रोटेंडिनस ज़ैंथोमैटोसिस
तंत्रिका संबंधी मुद्दे,आनुवांशिक असामान्यता
मोतियाबिंद,सेरेब्रोटेंडिनस ज़ैंथोमैटोसिस
मोतियाबिंद,लोव सिंड्रोम
टेंडन ज़ैंथोमास,सेरेब्रोटेंडिनस ज़ैंथोमैटोसिस
खुजली वाले चकत्ते,चिकनपॉक्स
थकान,चिकनपॉक्स
थकान,क्रोनिक थकान सिंड्रोम
खरोंच,त्वचा एलर्जी
खरोंच,एलर्जी
खरोंच,एस्कारियासिस
खरोंच,एस्पार्टिलग्लूकोसामिनुरिया
खरोंच,चिकनपॉक्स
खरोंच,चिकनगुनिया
खरोंच,डेंगू बुखार
खरोंच,एक्जिमा (एटोपिक डर्माटाइटिस)
खरोंच,"हाथ, पैर और मुंह की बीमारी"
खरोंच,कावासाकी रोग
खरोंच,लैंगरहैंस सेल हिस्टियोसाइटोसिस
खरोंच,एक प्रकार का वृक्ष
खरोंच,लाइम रोग
खरोंच,खसरा
खरोंच,मंकीपॉक्स
खरोंच,रिकेट्सियल रोग
खरोंच,रॉकी माउंटेन स्पॉटेड बुखार
खरोंच,स्ट्रॉन्गिलॉयडियासिस
खरोंच,टोक्सोकेरिएसिस
खरोंच,टोक्सोप्लाज़मोसिज़
खरोंच,टाइफ़स
खरोंच,वेस्ट नाइल वायरस
खरोंच,जीका वायरस
खरोंच,"स्वप्रतिरक्षी रोग (जैसे, ल्यूपस)"
खरोंच,सोरियाटिक गठिया
खरोंच,सिस्टमिक ल्यूपस एरिथेमेटोसस (एसएलई)
खरोंच,जूनोटिक संक्रमण
त्वचा के घाव,क्रोमोब्लास्टोमाइकोसिस
त्वचा के घाव,कुष्ठ रोग
त्वचा के घाव,पिंटा
त्वचा के घाव,टैलारोमाइकोसिस
भूख कम होना,क्रोनिक किडनी रोग (सीकेडी)
सांस फूलना,क्रॉनिक ऑब्सट्रक्टिव पल्मोनरी डिजीज (सीओपीडी)
मांसपेशियों में दर्द,सिगुएटेरा विषाक्तता
मांसपेशियों में दर्द,क्रीमियन-कांगो रक्तस्रावी बुखार
मांसपेशियों में दर्द,सिस्टीसर्कोसिस
मांसपेशियों में दर्द,लासा बुखार
मांसपेशियों में दर्द,लेप्टोस्पायरोसिस
मांसपेशियों में दर्द,मारबर्ग
मांसपेशियों में दर्द,क्यू बुखार
मांसपेशियों में दर्द,रिफ्ट वैली बुखार
मांसपेशियों में दर्द,रॉकी माउंटेन स्पॉटेड बुखार
मांसपेशियों में दर्द,टोक्सोप्लाज़मोसिज़
मांसपेशियों में दर्द,ट्राइचिनेलोसिस
मांसपेशियों में दर्द,क्रोनिक थकान सिंड्रोम
मांसपेशियों में दर्द,मलेरिया
मांसपेशियों में दर्द,डेंगू बुखार
पीलिया,क्लोनोरकियासिस
पीलिया,क्रिग्लर-नज्जर सिंड्रोम
पीलिया,हेपेटाइटिस ए
पीलिया,हेपेटाइटिस बी
पीलिया,हेपेटाइटिस सी
पीलिया,लेप्टोस्पायरोसिस
पीलिया,लिवर कैंसर
पीलिया,लिवर सिरोसिस
पीलिया,अग्नाशय कैंसर
पीलिया,विल्सन रोग
पीलिया,पीला बुखार
पीलिया,"हेपेटाइटिस (ए, बी, सी)"
पीलिया,हेपेटाइटिस
पीलिया,ऑटोइम्यून हेपेटाइटिस
पीलिया,सिरोसिस
पीलिया,पित्ताशय की थैली रोग
पीलिया,विल्सन रोग
कमज़ोर मांसपेशी टोन,कॉफ़िन-लोरी सिंड्रोम
भीड़,खाँसी
भीड़,ठंडा
भीड़,क्रोनिक साइनसाइटिस
भीड़,नाक के पॉलीप्स
भीड़,साइनसाइटिस
मल त्याग की आदतों में परिवर्तन,कोलोरेक्टल कैंसर
अनियमित मल त्याग,कब्ज़
विकासात्मक मुद्दे,कोस्टेलो सिंड्रोम
सूखी या गीली खांसी,खाँसी
त्वचा का पीला पड़ना,क्रिग्लर-नज्जर सिंड्रोम
त्वचा का पीला पड़ना,हेपेटाइटिस
आँखें,क्रिग्लर-नज्जर सिंड्रोम
आँखें,कावासाकी रोग
आँखें,खसरा
आँखें,स्जोग्रेन सिंड्रोम
आँखें,आँख आना
आँखें,ग्रेव्स रोग
आँखें,बेल्स पाल्सी
खून बह रहा है,क्रीमियन-कांगो रक्तस्रावी बुखार
खून बह रहा है,डेंगू रक्तस्रावी बुखार
खून बह रहा है,हीमोफीलिया
खून बह रहा है,क्यासानूर वन रोग
खून बह रहा है,लासा बुखार
खून बह रहा है,मारबर्ग
खून बह रहा है,मारबर्ग वायरस रोग
खून बह रहा है,मेलेनोमा
खून बह रहा है,मासिक धर्म संबंधी विकार
खून बह रहा है,त्वचा कैंसर (मेलेनोमा)
खून बह रहा है,मसूड़े की सूजन
पानी जैसा दस्त,क्रिप्टोस्पोरिडिओसिस
फेफड़ों में संक्रमण,सिस्टिक फाइब्रोसिस
सिरदर्द,सिस्टीसर्कोसिस
सिरदर्द,उच्च रक्तचाप
सिरदर्द,पिट्यूटरी ट्यूमर
सिरदर्द,पुनरावर्ती बुखार
सिरदर्द,Fibromyalgia
सिरदर्द,मस्तिष्क ट्यूमर
सिरदर्द,क्रोनिक साइनसाइटिस
सिरदर्द,तनाव
कमजोरी,अधिवृक्क अपर्याप्तता
कमजोरी,एमियोट्रोफिक लेटरल स्क्लेरोसिस (एएलएस)
कमजोरी,Argininemia
कमजोरी,बार्थ सिंड्रोम
कमजोरी,Atherosclerosis
कमजोरी,कैनावन रोग
कमजोरी,कार्पल टनल सिंड्रोम
कमजोरी,सिस्टिनोसिस
कमजोरी,ड्यूशेन मस्कुलर डिस्ट्रॉफी
कमजोरी,इबोला वायरस
कमजोरी,गुइलेन-बैरे सिंड्रोम
कमजोरी,किर्न्स-सेयर सिंड्रोम
कमजोरी,क्रैबे रोग
कमजोरी,कुष्ठ रोग
कमजोरी,ल्यूकोडिस्ट्रोफी
कमजोरी,लिपिड भंडारण रोग
कमजोरी,माइटोकॉन्ड्रियल मायोपैथी
कमजोरी,मल्टीपल स्क्लेरोसिस
कमजोरी,मांसपेशीय दुर्विकास
कमजोरी,मायस्थेनिया ग्रेविस
कमजोरी,न्यूरोटॉक्सोकेरियासिस
कमजोरी,पोलियो
कमजोरी,आघात
कमजोरी,सेरेब्रल पाल्सी
कमजोरी,मल्टीपल मायलोमा
कमजोरी,स्पोंडिलोसिस
गुर्दे की समस्याएं,सिस्टिनोसिस
गुर्दे की समस्याएं,"स्वप्रतिरक्षी रोग (जैसे, ल्यूपस)"
दृष्टि संबंधी समस्याएं,सिस्टिनोसिस
दृष्टि संबंधी समस्याएं,ल्यूकोडिस्ट्रोफी
दृष्टि संबंधी समस्याएं,मार्फन सिंड्रोम
दृष्टि संबंधी समस्याएं,माइटोकॉन्ड्रियल मायोपैथी
दृष्टि संबंधी समस्याएं,म्यूकोलिपिडोसिस
दृष्टि संबंधी समस्याएं,मल्टीपल स्क्लेरोसिस
दृष्टि संबंधी समस्याएं,एकाधिक सल्फेटेज़ की कमी
दृष्टि संबंधी समस्याएं,पिट्यूटरी ट्यूमर
खोपड़ी में खुजली,रूसी
परत उखड़ना,रूसी
ध्यान केंद्रित करने में कठिनाई,मनोभ्रंश
तेज बुखार,डेंगू बुखार
तेज बुखार,डेंगू रक्तस्रावी बुखार
तेज बुखार,इबोला
तेज बुखार,क्यू बुखार
दांतों का रंग उड़ जाना,डेंटिनोजेनेसिस इम्परफेक्टा
नाजुक तामचीनी,डेंटिनोजेनेसिस इम्परफेक्टा
उदासी,अवसाद
ब्याज की हानि,अवसाद
छोटा कद,डेसबुक्वाइस डिस्प्लेसिया
छोटा कद,लार्सन सिंड्रोम
छोटा कद,नूनान सिंड्रोम
संयुक्त अनुबंध,डेसबुक्वाइस डिस्प्लेसिया
कंकालीय डिसप्लेसिया,डेसबुक्वाइस डिस्प्लेसिया
अत्यधिक प्यास,मधुमेह
अत्यधिक प्यास,मधुमेह
प्यास बढ़ी,मधुमेह प्रकार 1 और प्रकार 2
प्यास बढ़ी,टाइप 1 मधुमेह
अपच,पाचन विकार
अपच,पित्त पथरी
अपच,पेप्टिक अल्सर
खाने के बाद असुविधा,पाचन विकार
खाने के बाद असुविधा,अपच
मुंह के छाले,डायहाइड्रोपाइरीमिडीन डिहाइड्रोजनेज की कमी
मुंह के छाले,"हाथ, पैर और मुंह की बीमारी"
दर्दनाक अल्सर,ड्रैकुनकुलियासिस
चलने में कठिनाई,ड्यूशेन मस्कुलर डिस्ट्रॉफी
चलने में कठिनाई,मल्टीपल स्क्लेरोसिस
चलने में कठिनाई,मांसपेशीय दुर्विकास
चलने में कठिनाई,विल्सन रोग
कंकाल विकृतियाँ,डिगवे-मेल्चियोर-क्लॉसन सिंड्रोम
कंकाल विकृतियाँ,लार्सन सिंड्रोम
कंकाल विकृतियाँ,अस्थिजनन अपूर्णता
नकसीर,इबोला
रक्तस्राव,इबोला वायरस
यकृत सिस्ट,फीताकृमिरोग
खुजली वाली त्वचा,एक्जिमा (एटोपिक डर्माटाइटिस)
खुजली वाली त्वचा,ओन्कोसेरसियासिस (नदी अंधापन)
खुजली वाली त्वचा,सेबोरहाइक डर्माटाइटिस
खुजली वाली त्वचा,एटोपिक डर्माटाइटिस
खुजली वाली त्वचा,कैंडिडिआसिस
लाल चकत्ते,एक्जिमा (एटोपिक डर्माटाइटिस)
सूजन,एक्जिमा (एटोपिक डर्माटाइटिस)
पुरानी खांसी,वातस्फीति
पुरानी खांसी,फेफड़ों का कैंसर
पुरानी खांसी,ब्रोन्किइक्टेसिस
पुरानी खांसी,सीओपीडी (क्रोनिक ऑब्सट्रक्टिव पल्मोनरी डिजीज)
पैल्विक दर्द,Endometriosis
पैल्विक दर्द,डिम्बग्रंथि कैंसर
पैल्विक दर्द,प्रोस्टेट कैंसर
भारी मासिक धर्म,Endometriosis
संभोग के दौरान दर्द,Endometriosis
गुदा में खुजली,एंटरोबियासिस
पाचन संबंधी असुविधा,एंटरोबियासिस
चेतना की हानि,मिरगी
जिगर की सूजन,फैसिओलिएसिस
पसीना आना,बुखार
पसीना आना,हाइपोग्लाइसीमिया
पसीना आना,मलेरिया
पसीना आना,दिल का दौरा (मायोकार्डियल इन्फार्क्शन)
पुराना दर्द,Fibromyalgia
नींद की गड़बड़ी,Fibromyalgia
नींद की गड़बड़ी,क्रोनिक थकान सिंड्रोम
लिम्फ नोड विस्तार,फाइलेरिया
ऊर्ध्वनिक्षेप,गैस्ट्रोएसोफेगल रिफ्लक्स रोग (जीईआरडी)
मूत्र में रक्त,ग्लोमेरुलोनेफ्राइटिस
मूत्र में रक्त,किडनी कैंसर
मूत्र में रक्त,गुर्दे की पथरी
मूत्र में रक्त,सिस्टोसोमियासिस
मूत्र में रक्त,प्रोस्टेट कैंसर
मूत्र में रक्त,मूत्राशय कैंसर
खासकर बड़े पैर की अंगुली में,गाउट
हाइपरथायरायडिज्म,ग्रेव्स रोग
गर्मी असहिष्णुता,ग्रेव्स रोग
अंगों में झुनझुनी,गुइलेन-बैरे सिंड्रोम
दर्दनाक छाले,गिनी कृमि रोग
बालों का पतला होना,बालों का झड़ना
गंजे धब्बे,बालों का झड़ना
हाथों पर दाने,"हाथ, पैर और मुंह की बीमारी"
मांसपेशियों में दर्द,हंटावायरस पल्मोनरी सिंड्रोम
मांसपेशियों में दर्द,पुनरावर्ती बुखार
मांसपेशियों में दर्द,रिकेट्सियल रोग
मांसपेशियों में दर्द,टाइफ़स
मांसपेशियों में दर्द,क्रोनिक थकान सिंड्रोम
मांसपेशियों में दर्द,जूनोटिक संक्रमण
ठंड के प्रति संवेदनशीलता,हाशिमोटो थायरॉयडिटिस
पैरों में सूजन,हृदय विफलता
पैरों में सूजन,लसीका फाइलेरिया
यकृत का बढ़ना,रक्तवर्णकता
यकृत का बढ़ना,ओपिस्थोरकियासिस
अस्पष्टीकृत रक्तस्राव,हीमोफीलिया
आसानी से चोट लगना,हीमोफीलिया
आसानी से चोट लगना,ल्यूकेमिया
सिरदर्द,माइग्रेन
सिरदर्द,सिस्टीसर्कोसिस
सिरदर्द,हेंड्रा वायरस संक्रमण
सिरदर्द,उच्च रक्तचाप
सिरदर्द,क्यासानूर वन रोग
सिरदर्द,लेप्टोस्पायरोसिस
सिरदर्द,लाइम रोग
सिरदर्द,मलेरिया
सिरदर्द,मारबर्ग
सिरदर्द,मारबर्ग वायरस रोग
सिरदर्द,मस्तिष्कावरण शोथ
सिरदर्द,नेग्लेरिया संक्रमण
सिरदर्द,निपाह वायरस संक्रमण
सिरदर्द,पिट्यूटरी ट्यूमर
सिरदर्द,पोलियो
सिरदर्द,प्राथमिक अमीबिक मेनिंगोएन्सेफेलाइटिस
सिरदर्द,क्यू बुखार
सिरदर्द,पुनरावर्ती बुखार
सिरदर्द,गुर्दे का उच्च रक्तचाप
सिरदर्द,रिकेट्सियल रोग
सिरदर्द,रिफ्ट वैली बुखार
सिरदर्द,रॉकी माउंटेन स्पॉटेड बुखार
सिरदर्द,नींद की बीमारी (ट्रिपैनोसोमियासिस)
सिरदर्द,ट्राइचिनेलोसिस
सिरदर्द,टाइफ़स
सिरदर्द,वेस्ट नाइल वायरस
सिरदर्द,पीला बुखार
सिरदर्द,जूनोटिक मलेरिया
सिरदर्द,क्रोनिक थकान सिंड्रोम
सिरदर्द,Fibromyalgia
सिरदर्द,मस्तिष्क ट्यूमर
सिरदर्द,क्रोनिक साइनसाइटिस
सिरदर्द,ग्लूकोमा
सिरदर्द,पॉलीसिथेमिया वेरा
सिरदर्द,साइनसाइटिस
सिरदर्द,तनाव
श्वसन संबंधी लक्षण,हेंड्रा वायरस संक्रमण
भूख न लगना,हेपेटाइटिस
भूख न लगना,यकृत विकार
भूख न लगना,पेट का कैंसर
आंदोलन की समस्याएं,हंटिंगटन रोग
मूड स्विंग,हंटिंगटन रोग
मूड स्विंग,रजोनिवृत्ति
मूड स्विंग,मानसिक स्वास्थ्य विकार
मूड स्विंग,थायराइड विकार
मूड स्विंग,द्विध्रुवी विकार
संज्ञानात्मक गिरावट,हंटिंगटन रोग
दर्दनाक पेशाब,हाइड्रोनफ्रोसिस
दर्दनाक पेशाब,मूत्र पथ संक्रमण (यूटीआई)
दर्दनाक पेशाब,प्रोस्टेट कैंसर
दर्दनाक पेशाब,मूत्राशय कैंसर
दर्दनाक पेशाब,सिस्टिटिस
दर्दनाक पेशाब,मूत्र पथ संक्रमण (यूटीआई)
कमज़ोर हड्डियाँ,हाइपरपेराथायरायडिज्म
गुर्दे की पथरी,हाइपरपेराथायरायडिज्म
गुर्दे की पथरी,लेस्च-नयहान सिंड्रोम
चिंता,हाइपरथायरायडिज्म
चिंता,मानसिक स्वास्थ्य विकार
चिंता,मानसिक तनाव
चिंता,ग्रेव्स रोग
चिंता,अभिघातजन्य तनाव विकार (PTSD)
चिंता,तनाव
कंपकंपी,हाइपरथायरायडिज्म
कंपकंपी,पार्किंसंस रोग
कंपकंपी,विल्सन रोग
कंपकंपी,विल्सन रोग
तेज़ दिल की धड़कन,हाइपरथायरायडिज्म
तेज़ दिल की धड़कन,ग्रेव्स रोग
अस्थिरता,हाइपोग्लाइसीमिया
शीत असहिष्णुता,हाइपोथायरायडिज्म
शुष्क त्वचा,हाइपोथायरायडिज्म
शुष्क त्वचा,सोरायसिस
शुष्क त्वचा,एटोपिक डर्माटाइटिस
गर्मी,ग्रेव्स रोग
गर्मी,सूजन
नींद आने में कठिनाई,अनिद्रा
बेचैन मन,अनिद्रा
पेट में ऐंठन,चिड़चिड़ा आंत्र सिंड्रोम (आईबीएस)
पेट में ऐंठन,आंत्रशोथ
दस्त या कब्ज,चिड़चिड़ा आंत्र सिंड्रोम (आईबीएस)
जोड़ों में दर्द,जोड़ों का दर्द
बढ़ी हुई प्लीहा या यकृत,काला-अजार
लाल आँखें,कावासाकी रोग
लाल आँखें,खसरा
लाल आँखें,आँख आना
हृदय संबंधी समस्याएं,किर्न्स-सेयर सिंड्रोम
आँखों की समस्याएँ,किर्न्स-सेयर सिंड्रोम
पीठ या पेट में दर्द,किडनी कैंसर
पीठ या बगल में तेज दर्द,गुर्दे की पथरी
अत्यधिक नींद के बार-बार होने वाले प्रकरण,क्लेन-लेविन सिंड्रोम
परिवर्तित व्यवहार,क्लेन-लेविन सिंड्रोम
बांझपन,क्लाइनफेल्टर सिंड्रोम
बढ़े हुए स्तन,क्लाइनफेल्टर सिंड्रोम
कम टेस्टोस्टेरोन,क्लाइनफेल्टर सिंड्रोम
मोटर कौशल की हानि,क्रैबे रोग
मोटर कौशल की हानि,रेट सिंड्रोम
मोटर कौशल की हानि,टे-सैक्स रोग
चिड़चिड़ापन,क्रैबे रोग
चिड़चिड़ापन,मानसिक तनाव
चिड़चिड़ापन,चिंता विकार
चिड़चिड़ापन,तनाव
शरीर में दर्द,बुखार
शरीर में दर्द,इंफ्लुएंजा
शरीर में दर्द,क्यासानूर वन रोग
शरीर में दर्द,वेस्ट नाइल वायरस
शरीर में दर्द,जूनोटिक मलेरिया
शरीर में दर्द,वायरल संक्रमण
त्वचा पर चकत्ते,लैंगरहैंस सेल हिस्टियोसाइटोसिस
त्वचा पर चकत्ते,एक प्रकार का वृक्ष
त्वचा पर चकत्ते,स्ट्रॉन्गिलॉयडियासिस
त्वचा पर चकत्ते,"स्वप्रतिरक्षी रोग (जैसे, ल्यूपस)"
त्वचा पर चकत्ते,सोरियाटिक गठिया
त्वचा पर चकत्ते,सिस्टमिक ल्यूपस एरिथेमेटोसस (एसएलई)
हड्डी में दर्द,लैंगरहैंस सेल हिस्टियोसाइटोसिस
हड्डी में दर्द,ऑस्टियोपेट्रोसिस
हड्डी में दर्द,रास्ते से हटना
हड्डी में दर्द,मल्टीपल मायलोमा
संयुक्त अव्यवस्थाएँ,लार्सन सिंड्रोम
मानसिक क्षति का क्रमिक ह्रास,लेह सिंड्रोम
आंदोलन क्षमताएं,लेह सिंड्रोम
सूजी हुई प्लीहा,लीशमैनियासिस
तंत्रिका क्षति,कुष्ठ रोग
आत्म-हानिकारक व्यवहार,लेस्च-नयहान सिंड्रोम
मांसपेशियों की कठोरता,लेस्च-नयहान सिंड्रोम
मांसपेशियों की कठोरता,पार्किंसंस रोग
अस्पष्टीकृत वजन घटाने,ल्यूकेमिया
अस्पष्टीकृत वजन घटाने,वजन घटाना
बार-बार संक्रमण,ल्यूकेमिया
बार-बार संक्रमण,सिकल सेल एनीमिया
बार-बार संक्रमण,मल्टीपल मायलोमा
समन्वय में कठिनाई,ल्यूकोडिस्ट्रोफी
पोटेशियम का निम्न स्तर,लिडल सिंड्रोम
क्षारमयता,लिडल सिंड्रोम
बढ़ा हुआ जिगर,लिपिड भंडारण रोग
बढ़ा हुआ जिगर,नीमन-पिक रोग
तिल्ली,काला-अजार
तिल्ली,लीशमैनियासिस
तिल्ली,लिपिड भंडारण रोग
तिल्ली,नीमन-पिक रोग
तिल्ली,थैलेसीमिया
त्वचा का पीला पड़ना,यकृत विकार
धमनी धमनीविस्फार,लोयस-डाइट्ज़ सिंड्रोम
संयुक्त समस्याएँ,लोयस-डाइट्ज़ सिंड्रोम
आँख दर्द,लोइयासिस
आँख दर्द,ग्लूकोमा
विकासात्मक विलंब,एस्परैगिन सिंथेटेस की कमी
विकासात्मक विलंब,कॉफ़िन-लोरी सिंड्रोम
विकासात्मक विलंब,डाउन सिंड्रोम
विकासात्मक विलंब,डिगवे-मेल्चियोर-क्लॉसन सिंड्रोम
विकासात्मक विलंब,फ्रैजाइल एक्स सिंड्रोम
विकासात्मक विलंब,लोव सिंड्रोम
विकासात्मक विलंब,मेन्केस रोग
विकासात्मक विलंब,मिलर-डाइकर सिंड्रोम
विकासात्मक विलंब,मोवाट-विल्सन सिंड्रोम
विकासात्मक विलंब,म्यूकोलिपिडोसिस
विकासात्मक विलंब,म्यूकोपॉलीसेकेराइडोसिस
विकासात्मक विलंब,एकाधिक सल्फेटेज़ की कमी
विकासात्मक विलंब,नीमन-पिक रोग
विकासात्मक विलंब,नूनान सिंड्रोम
विकासात्मक विलंब,फ़िफ़र सिंड्रोम
विकासात्मक विलंब,फेनिलकेटोनुरिया (पीकेयू)
विकासात्मक विलंब,पिट-हॉपकिंस सिंड्रोम
विकासात्मक विलंब,प्रेडर-विली सिंड्रोम
गुर्दे की समस्याएं,लोव सिंड्रोम
-संश्लेषण,एक प्रकार का वृक्ष
-संश्लेषण,सिस्टमिक ल्यूपस एरिथेमेटोसस (एसएलई)
बुल्स-आई रैश,लाइम रोग
हथियार,लसीका फाइलेरिया
जननांग क्षेत्र,लसीका फाइलेरिया
जननांग क्षेत्र,हर्पीस सिम्प्लेक्स वायरस (एचएसवी)
रात को पसीना आना,लिंफोमा
रात को पसीना आना,रजोनिवृत्ति
रात को पसीना आना,तपेदिक
रात को पसीना आना,हॉजकिन लिंफोमा
रात को पसीना आना,लिम्फैडेनोपैथी
रात को पसीना आना,हॉजकिन लिंफोमा
अनेक सौम्य वृद्धियाँ,माफ़ुची सिंड्रोम
अस्थि विकृतियाँ,माफ़ुची सिंड्रोम
संवहनी ट्यूमर,माफ़ुची सिंड्रोम
मीठी महक वाला मूत्र,मेपल सिरप मूत्र रोग
लंबे अंग,मार्फन सिंड्रोम
हृदय दोष,मार्फन सिंड्रोम
हृदय दोष,नूनान सिंड्रोम
हड्डी का फ्रैक्चर,मैकक्यून-अलब्राइट सिंड्रोम
त्वचा रंजकता,मैकक्यून-अलब्राइट सिंड्रोम
अंतःस्रावी मुद्दे,मैकक्यून-अलब्राइट सिंड्रोम
काली त्वचा का विकास,मेलेनोमा
असममित मोल,मेलेनोमा
फोड़े,मेलिओइडोसिस
फोड़े,हाइड्रैडेनाइटिस सपुराटिवा
अचानक बुखार,मस्तिष्कावरण शोथ
कठोर गर्दन,मस्तिष्कावरण शोथ
कठोर गर्दन,नेग्लेरिया संक्रमण
कठोर गर्दन,प्राथमिक अमीबिक मेनिंगोएन्सेफेलाइटिस
भंगुर बाल,मेन्केस रोग
गर्म चमक,रजोनिवृत्ति
योनि का सूखापन,रजोनिवृत्ति
अनियमित मासिक धर्म,मासिक धर्म संबंधी विकार
अनियमित मासिक धर्म,डिम्बग्रंथि कैंसर
अनियमित मासिक धर्म,पॉलीसिस्टिक ओवरी सिंड्रोम (पीसीओएस)
भारी रक्तस्राव,मासिक धर्म संबंधी विकार
ऐंठन,चिड़चिड़ा आंत्र सिंड्रोम (आईबीएस)
ऐंठन,मासिक धर्म संबंधी विकार
ऐंठन,आंत्रशोथ
अवसाद,मानसिक स्वास्थ्य विकार
अवसाद,हाइपोथायरायडिज्म
अवसाद,अभिघातजन्य तनाव विकार (PTSD)
अवसाद,द्विध्रुवी विकार
फोकस की कमी,मानसिक स्वास्थ्य विकार
सोने में परेशानी,मानसिक तनाव
पेट का मोटापा,मेटाबोलिक सिंड्रोम
उच्च रक्त शर्करा,मेटाबोलिक सिंड्रोम
प्रकाश के प्रति संवेदनशीलता,माइग्रेन
आवाज़,माइग्रेन
चेहरे की असामान्यताएं,मिलर-डाइकर सिंड्रोम
चेहरे की असामान्यताएं,मोवाट-विल्सन सिंड्रोम
चेहरे की असामान्यताएं,फ़िफ़र सिंड्रोम
चेहरे की असामान्यताएं,पिट-हॉपकिंस सिंड्रोम
जोड़ों की कठोरता,म्यूकोपॉलीसेकेराइडोसिस
हृदय वाल्व की समस्याएं,म्यूकोपॉलीसेकेराइडोसिस
सांस लेने में समस्या,मांसपेशीय दुर्विकास
सांस लेने में समस्या,पिट-हॉपकिंस सिंड्रोम
झुकी हुई पलकें,मायस्थेनिया ग्रेविस
मवाद निर्वहन,कवकगुल्म
मांसपेशियों को आराम देने में कठिनाई,मायोटोनिया कोन्जेनिटा
झागदार मूत्र,नेफ्रोटिक सिंड्रोम
त्वचा पर गांठें,न्यूरोफाइब्रोमैटोसिस
सीखने की कठिनाइयाँ,न्यूरोफाइब्रोमैटोसिस
दृष्टि संबंधी मुद्दे,न्यूरोफाइब्रोमैटोसिस
दृष्टि संबंधी मुद्दे,मल्टीपल स्क्लेरोसिस
श्वसन संकट,निपाह वायरस संक्रमण
अत्यधिक वजन,मोटापा
शारीरिक गतिविधि में कठिनाई,मोटापा
दृष्टि हानि,ओन्कोसेरसियासिस (नदी अंधापन)
नाजुक हड्डियाँ,अस्थिजनन अपूर्णता
नाजुक हड्डियाँ,ऑस्टियोपोरोसिस
बार-बार फ्रैक्चर होना,अस्थिजनन अपूर्णता
फ्रैक्चर,मैकक्यून-अलब्राइट सिंड्रोम
फ्रैक्चर,अस्थिजनन अपूर्णता
फ्रैक्चर,ऑस्टियोपेट्रोसिस
फ्रैक्चर,ऑस्टियोपोरोसिस
दृष्टि,गठिया
दृष्टि,सिस्टिनोसिस
दृष्टि,ल्यूकोडिस्ट्रोफी
दृष्टि,मार्फन सिंड्रोम
दृष्टि,माइटोकॉन्ड्रियल मायोपैथी
दृष्टि,म्यूकोलिपिडोसिस
दृष्टि,मल्टीपल स्क्लेरोसिस
दृष्टि,एकाधिक सल्फेटेज़ की कमी
दृष्टि,न्यूरोफाइब्रोमैटोसिस
दृष्टि,ओन्कोसेरसियासिस (नदी अंधापन)
दृष्टि,ऑस्टियोपेट्रोसिस
दृष्टि,पिट्यूटरी ट्यूमर
दृष्टि,ट्रेकोमा
दृष्टि,मधुमेह
दृष्टि,ग्लूकोमा
दृष्टि,मधुमेह रेटिनोपैथी
सुनने में समस्या,ऑस्टियोपेट्रोसिस
ऊंचाई हानि,ऑस्टियोपोरोसिस
पेट में सूजन,डिम्बग्रंथि कैंसर
पेट के ऊपरी हिस्से में दर्द,अग्नाशयशोथ
बढ़े हुए लिम्फ नोड्स,पैराकोक्सीडियोइडोमाइकोसिस
थूक में खून,पैरागोनिमियासिस
धीमी गति,पार्किंसंस रोग
संतुलन की समस्याएं,पार्किंसंस रोग
मूत्र असंयम,पेल्विक फ्लोर विकार
पेल्विक दबाव,पेल्विक फ्लोर विकार
कब्ज़,चिड़चिड़ा आंत्र सिंड्रोम (आईबीएस)
कब्ज़,पेल्विक फ्लोर विकार
कब्ज़,विपुटीशोथ
पेट दर्द,पेप्टिक अल्सर
पैर में दर्द,परिधीय धमनी रोग
ऐंठन,परिधीय धमनी रोग
घाव का धीरे-धीरे भरना,परिधीय धमनी रोग
म्यूकोक्यूटेनियस रंजकता,प्यूट्ज़-जेगर्स सिंड्रोम
गैस्ट्रोइंटेस्टाइनल पॉलीप्स,प्यूट्ज़-जेगर्स सिंड्रोम
कपाल-चेहरे संबंधी असामान्यताएं,फ़िफ़र सिंड्रोम
एक्जिमा,फेनिलकेटोनुरिया (पीकेयू)
हार्मोनल असंतुलन,पिट्यूटरी ट्यूमर
खाँसी,क्लोमगोलाणुरुग्णता
खाँसी,न्यूमोनिक प्लेग
खाँसी,टोक्सोकेरिएसिस
खाँसी,दमा
खून से खाँसी,न्यूमोनिक प्लेग
पक्षाघात,पोलियो
पक्षाघात,रीढ़ की हड्डी में चोट
गुर्दे का बढ़ना,पॉलीसिस्टिक किडनी रोग
अत्यधिक बाल विकास,पॉलीसिस्टिक ओवरी सिंड्रोम (पीसीओएस)
त्वचा संवेदनशीलता,आनुवांशिक असामान्यता
अतृप्त भूख,प्रेडर-विली सिंड्रोम
मोटापा,मेटाबोलिक सिंड्रोम
मोटापा,प्रेडर-विली सिंड्रोम
क्रोनिक श्वसन संक्रमण,प्राथमिक सिलिअरी डिस्केनेसिया
साइनसाइटिस,प्राथमिक सिलिअरी डिस्केनेसिया
मूत्र संबंधी समस्याएं,प्रोस्टेट कैंसर
पेशाब करने में कठिनाई,प्रोस्टेट कैंसर
पेशाब करने में कठिनाई,प्रोस्टेट वृद्धि (सौम्य प्रोस्टेटिक हाइपरप्लासिया)
लाल,त्वचा एलर्जी
लाल,तीव्र किडनी की चोट
लाल,चिकनपॉक्स
लाल,क्रोनिक किडनी रोग (सीकेडी)
लाल,संपर्क जिल्द की सूजन
लाल,डेंटिनोजेनेसिस इम्परफेक्टा
लाल,एक्जिमा (एटोपिक डर्माटाइटिस)
लाल,गाउट
लाल,सूजन
लाल,कावासाकी रोग
लाल,क्लेन-लेविन सिंड्रोम
लाल,खसरा
लाल,सोरायसिस
लाल,Rosacea
लाल,सेबोरहाइक डर्माटाइटिस
लाल,त्वचा रोग
लाल,"त्वचा संक्रमण (बैक्टीरियल, फंगल, वायरल)"
लाल,त्वचा पर लाल चकत्ते
लाल,ट्रेकोमा
लाल,मधुमेह
लाल,एटोपिक डर्माटाइटिस
लाल,क्रोनिक थकान सिंड्रोम
लाल,आँख आना
लाल,मसूड़े की सूजन
लाल,ग्लूकोमा
लाल,पॉलीसिथेमिया वेरा
लाल,त्वचा संक्रमण
लाल,खमीर संक्रमण
लाल,मधुमेह रेटिनोपैथी
सूजन वाली त्वचा,सोरायसिस
तराजू,सोरायसिस
घबराहट,रेबीज़
मतिभ्रम,रेबीज़
जलांतक,रेबीज़
बार-बार बुखार आना,पुनरावर्ती बुखार
असामान्य हाथ की हरकतें,रेट सिंड्रोम
दिल की धड़कन,आमवाती हृदय रोग
दृश्यमान रक्त वाहिकाएँ,Rosacea
चेहरे पर फुंसियां,Rosacea
असमान कंधे,पार्श्वकुब्जता
पीठ दर्द,पार्श्वकुब्जता
पीठ दर्द,किडनी कैंसर
पीठ दर्द,ऑस्टियोपोरोसिस
पीठ दर्द,साइटिका
पीठ दर्द,स्पोंडिलोसिस
सीधे खड़े होने में कठिनाई,पार्श्वकुब्जता
रूसी,सेबोरहाइक डर्माटाइटिस
की समस्या की,सेबोरहाइक डर्माटाइटिस
सेप्टिक शॉक,सेप्टिकमिक प्लेग
कम कामेच्छा,यौन रोग
स्तंभन दोष,यौन रोग
शीघ्रपतन,यौन रोग
हाथों में सूजन,सिकल सेल एनीमिया
शुष्क मुँह,स्जोग्रेन सिंड्रोम
सूखी आंखें,स्जोग्रेन सिंड्रोम
अनियमित तिल,त्वचा कैंसर (मेलेनोमा)
चिढ़,त्वचा रोग
चिढ़,ट्रेकोमा
घावों,क्रोमोब्लास्टोमाइकोसिस
घावों,कुष्ठ रोग
घावों,पिंटा
घावों,त्वचा रोग
घावों,टैलारोमाइकोसिस
निर्वहन,ऑटोसोमल डोमिनेंट पॉलीसिस्टिक किडनी रोग
निर्वहन,कवकगुल्म
निर्वहन,"त्वचा संक्रमण (बैक्टीरियल, फंगल, वायरल)"
निर्वहन,आँख आना
निर्वहन,खमीर संक्रमण
सूजन,सोरायसिस
सूजन,त्वचा पर लाल चकत्ते
त्वचा पर खुजली वाले धब्बे,त्वचा पर लाल चकत्ते
जोर से खर्राटे लेना,स्लीप एपनिया
नींद के दौरान दम घुटना,स्लीप एपनिया
दिन में थकान,स्लीप एपनिया
अल्सर,बुरुली अल्सर
अल्सर,ड्रैकुनकुलियासिस
अल्सर,लीशमैनियासिस
अल्सर,कवकगुल्म
अल्सर,स्पार्गनोसिस
अल्सर,रास्ते से हटना
चमड़े के नीचे की गांठें,स्पार्गनोसिस
अचानक सुन्न होना,आघात
बोलने में कठिनाई,आघात
बोलने में कठिनाई,एमियोट्रोफिक लेटरल स्क्लेरोसिस (एएलएस)
बोलने में कठिनाई,बोली बंद होना
मोटर कौशल की प्रगतिशील हानि,टे-सैक्स रोग
अंधापन,टे-सैक्स रोग
टेंडन में कठोरता,टेंडिनाइटिस
ऐंठन,धनुस्तंभ
ऐंठन,मिरगी
पीली त्वचा,थैलेसीमिया
पीली त्वचा,रक्ताल्पता
बढ़ी हुई प्लीहा,काला-अजार
बढ़ी हुई प्लीहा,थैलेसीमिया
धीमी वृद्धि,थैलेसीमिया
फ्लू जैसे लक्षण,टोक्सोप्लाज़मोसिज़
आँखों में जलन,ट्रेकोमा
धुंधली दृष्टि,ट्रेकोमा
धुंधली दृष्टि,मधुमेह
धुंधली दृष्टि,ग्लूकोमा
धुंधली दृष्टि,मधुमेह रेटिनोपैथी
मल में खून,त्रिचूरियासिस
मल में खून,अल्सरेटिव कोलाइटिस
मल में खून,कोलोरेक्टल कैंसर
तीव्र खुजली,टंगियासिस
रेत पिस्सू की उपस्थिति,टंगियासिस
बार-बार पेशाब करने की इच्छा होना,मूत्र पथ संक्रमण (यूटीआई)
बार-बार पेशाब करने की इच्छा होना,सिस्टिटिस
बादलयुक्त मूत्र,मूत्र पथ संक्रमण (यूटीआई)
त्वचा के रंगद्रव्य का नुकसान,विटिलिगो
त्वचा पर सफेद धब्बे,विटिलिगो
मनोरोग लक्षण,विल्सन रोग
मनोरोग लक्षण,विल्सन रोग
आँख आना,जीका वायरस
वजन में परिवर्तन,थायराइड विकार
कार्य पूरा करने में कठिनाई,अल्ज़ाइमर रोग
निगलने संबंधी समस्याएं,एमियोट्रोफिक लेटरल स्क्लेरोसिस (एएलएस)
गांठें या असामान्य वृद्धि,"कैंसर (स्तन कैंसर, फेफड़े का कैंसर, प्रोस्टेट कैंसर, आदि)"
पैरों में सूजन,कार्डियोमायोपैथी
पसीना,लिंफोमा
पसीना,रजोनिवृत्ति
पसीना,तपेदिक
पसीना,मलेरिया
पसीना,हॉजकिन लिंफोमा
पसीना,लिम्फैडेनोपैथी
पसीना,हॉजकिन लिंफोमा
समन्वय समस्याएँ,मल्टीपल स्क्लेरोसिस
लाल धब्बे,सोरायसिस
रक्ताल्पता,सिकल सेल एनीमिया
तिल की उपस्थिति में परिवर्तन,त्वचा कैंसर (मेलेनोमा)
त्वचा का रंग खराब होना,त्वचा कैंसर (मेलेनोमा)
मांसपेशियों का नुकसान,वजन घटाना
अस्पष्टीकृत वजन बढ़ना,वजन बढ़ना
सिलवटों में काली त्वचा,एकेंथोसिस निग्रिकेंस
गठिया,अल्काप्टोन्यूरिया
हृदय संबंधी समस्याएं,अल्काप्टोन्यूरिया
बोलने या भाषण समझने में कठिनाई,बोली बंद होना
अवसादग्रस्त प्रकरण,द्विध्रुवी विकार
उन्मत्त एपिसोड,द्विध्रुवी विकार
थूक उत्पादन,ब्रोन्किइक्टेसिस
सफेद पैच,विटिलिगो
सफेद पैच,कैंडिडिआसिस
जलन,कैंडिडिआसिस
स्पास्टिसिटी,सेरेब्रल पाल्सी
चलने-फिरने में कठिनाई,सेरेब्रल पाल्सी
अत्यधिक थकान,क्रोनिक थकान सिंड्रोम
नींद की समस्याएं,क्रोनिक थकान सिंड्रोम
नाक बंद होना,क्रोनिक साइनसाइटिस
नाक बंद होना,नाक के पॉलीप्स
नाक बंद होना,साइनसाइटिस
चेहरे का दर्द,क्रोनिक साइनसाइटिस
चेहरे का दर्द,साइनसाइटिस
खाने में कठिनाई,फटे होंठ और तालु
होठों पर या मुंह के आसपास छाले,शीत घाव
खुजली वाली आंखें,आँख आना
नेत्र निर्वहन,आँख आना
उदास मूड,अवसाद
गतिविधियों में रुचि की हानि,अवसाद
अंगों में दर्द,मधुमेह न्यूरोपैथी
कोलेस्ट्रॉल का बढ़ा हुआ स्तर,डिस्लिपिडेमिया
कान में दर्द,कान का संक्रमण
द्रव निकासी,कान का संक्रमण
मांसपेशियों में ऐंठन,मिरगी
इरेक्शन प्राप्त करने या बनाए रखने में कठिनाई,स्तंभन दोष
सूजे हुए मसूड़े,मसूड़े की सूजन
ब्रश करते समय रक्तस्राव,मसूड़े की सूजन
गर्दन में सूजन,गण्डमाला
खासकर बड़े पैर की अंगुली में,गाउट
उभरी हुई आँखें,ग्रेव्स रोग
छाले,गिनी कृमि रोग
छाले,शीत घाव
छाले,हर्पीस सिम्प्लेक्स वायरस (एचएसवी)
आमतौर पर मुंह या जननांग क्षेत्र के आसपास,हर्पीस सिम्प्लेक्स वायरस (एचएसवी)
त्वचा के नीचे दर्दनाक गांठें,हाइड्रैडेनाइटिस सपुराटिवा
जल निकासी,कान का संक्रमण
जल निकासी,हाइड्रैडेनाइटिस सपुराटिवा
बढ़ा हुआ कोलेस्ट्रॉल,डिस्लिपिडेमिया
बढ़ा हुआ कोलेस्ट्रॉल,हाइपरलिपिडेमिया
तेज दर्द,गुर्दे की पथरी
सिर का चक्कर,मेनियर रोग
टिनिटस,मेनियर रोग
कान में परिपूर्णता,मेनियर रोग
भारी प्रवाह,मासिक धर्म संबंधी विकार
गंध की हानि,नाक के पॉलीप्स
साइनस दबाव,नाक के पॉलीप्स
उच्च लाल रक्त कोशिका गणना,पॉलीसिथेमिया वेरा
फ़्लैश बैक,अभिघातजन्य तनाव विकार (PTSD)
बुरे सपने,अभिघातजन्य तनाव विकार (PTSD)
कमज़ोर धारा,प्रोस्टेट वृद्धि (सौम्य प्रोस्टेटिक हाइपरप्लासिया)
उंगलियों में रंग परिवर्तन,रेनॉड रोग
पैर की उंगलियाँ,रेनॉड रोग
शीतलता,रेनॉड रोग
पीठ के निचले हिस्से में दर्द,साइटिका
पैर से नीचे तक फैलने वाला दर्द,साइटिका
मवाद,कवकगुल्म
मवाद,त्वचा संक्रमण
बाधित श्वास,स्लीप एपनिया
गति की हानि,रीढ़ की हड्डी में चोट
गर्दन या पीठ दर्द,स्पोंडिलोसिस
संतुलन की हानि,आघात
अंडकोष में गांठ,वृषण कैंसर
दर्द या सूजन,वृषण कैंसर
अंडकोश में भारीपन,वृषण कैंसर
गर्दन की गांठ,थायराइड कैंसर
स्वर बैठना,थायराइड कैंसर
कानों में बजना,टिनिटस
कान की परिपूर्णता,टिनिटस
पेट के निचले हिस्से में दर्द,मूत्र पथ संक्रमण (यूटीआई)
सूजा हुआ,बुबोनिक प्लेग
सूजा हुआ,एचआईवी/एड्स
सूजा हुआ,कावासाकी रोग
सूजा हुआ,लैंगरहैंस सेल हिस्टियोसाइटोसिस
सूजा हुआ,लीशमैनियासिस
सूजा हुआ,लिंफोमा
सूजा हुआ,मंकीपॉक्स
सूजा हुआ,ओन्कोसेरसियासिस (नदी अंधापन)
सूजा हुआ,न्यूमोनिक प्लेग
सूजा हुआ,सेप्टिकमिक प्लेग
सूजा हुआ,नींद की बीमारी (ट्रिपैनोसोमियासिस)
सूजा हुआ,तुलारेमिया
सूजा हुआ,मसूड़े की सूजन
सूजा हुआ,हॉजकिन लिंफोमा
सूजा हुआ,लिम्फैडेनोपैथी
सूजा हुआ,स्ट्रेप थ्रोट
सूजा हुआ,वैरिकाज़ नसें
सूजा हुआ,हॉजकिन लिंफोमा
मुड़ी हुई नसें,वैरिकाज़ नसें
पैरों में भारीपन,वैरिकाज़ नसें
कुअवशोषण,व्हिपल रोग
चेहरे का झुकना,बेल्स पाल्सी
स्वाद की हानि,बेल्स पाल्सी
आँखें बंद करने में कठिनाई,बेल्स पाल्सी
अत्यधिक मूड स्विंग,द्विध्रुवी विकार
उन्माद,द्विध्रुवी विकार
बार-बार फेफड़ों में संक्रमण होना,सिस्टिक फाइब्रोसिस
पाचन संबंधी समस्याएं,सिस्टिक फाइब्रोसिस
